<?xml version="1.0" encoding="UTF-8" standalone="yes"?>
<modbusMachineAdapterConfig>
    <name>Onsite monitor modbus nodes</name>
    <description>Onsite monitor modbus nodes</description>
 
    <dataNodeConfigs>
      <!-- <channel protocol="TCP_IP" tcpIpAddress="127.0.0.1" tcpIpPort="502"> -->
      <channel protocol="TCP_IP" tcpIpAddress="10.0.7.3" tcpIpPort="502">
          <unit id="1">
              <register name="Compressor-2015:CompressionRatio" dataType="SHORT" address="5000" registerType="HOLDING" description="pressure ratio"/>
              <register name="Compressor-2015:DischargePressure" dataType="SHORT" address="5001" registerType="HOLDING" description="discharge pressure"/>
              <register name="Compressor-2015:SuctionPressure" dataType="SHORT" address="5002" registerType="HOLDING" description="suction pressure"/>
              <register name="Compressor-2015:MaximumPressure" dataType="SHORT" address="5003" registerType="HOLDING" description="maximum pressure"/>
              <register name="Compressor-2015:MinimumPressure" dataType="SHORT" address="5004" registerType="HOLDING" description="minimum pressure"/>
              <register name="Compressor-2015:Velocity" dataType="SHORT" address="5005" registerType="HOLDING" description="velocity"/>
              <register name="Compressor-2015:Temperature" dataType="SHORT" address="5006" registerType="HOLDING" description="temperature"/>
          </unit>
      </channel>
    </dataNodeConfigs>
 
 	<!-- Both updateInterval and startPointOffset are in seconds. If startPointOffset == -1, it will start immediately -->
  <dataSubscriptionConfigs>
      <dataSubscriptionConfig name="BN Subscription" updateInterval="1" startPointUnit="MINUTES" startPointOffset="-1">
          <nodeName>Compressor-2015:CompressionRatio</nodeName>
          <nodeName>Compressor-2015:DischargePressure</nodeName>
          <nodeName>Compressor-2015:SuctionPressure</nodeName>
          <nodeName>Compressor-2015:MaximumPressure</nodeName>
          <nodeName>Compressor-2015:MinimumPressure</nodeName>
          <nodeName>Compressor-2015:Velocity</nodeName>
          <nodeName>Compressor-2015:Temperature</nodeName>
      </dataSubscriptionConfig>
  </dataSubscriptionConfigs>
 
 </modbusMachineAdapterConfig>